public/assets/profile/icons/veronica-venegas.png	40b769ca60a28c472e3c97eb098ab4a09b383354e54cc739f651fe21f0305aa6	https://oaisdmntpritalynorth.blob.core.windows.net/files/00000000-f778-8246-a5d9-6ddb7e3b2f16/raw?se=2026-08-08T23%3A42%3A06Z&sp=r&sv=2026-02-06&sr=b&scid=019fe380-2a4d-773b-ba2f-5cb11c395b89&skoid=e32cbaad-a1eb-4299-9f16-1b364ab43781&sktid=a48cca56-e6da-484e-a814-9c849652bcb3&skt=2026-08-08T07%3A44%3A03Z&ske=2026-08-09T07%3A44%3A03Z&sks=b&skv=2026-02-06&sig=CsUCSAk0OuAN9ARTCDRsBeGdfa3yXN3V9LWlyThQqKo%3D
public/assets/profile/icons/strata.png	14a42e3b1284e6503d59eaf6b8c294aa6acbe0ecc0ecf7c917f68737a253b174	https://oaisdmntprpolandcentral.blob.core.windows.net/files/00000000-f930-820a-a1f4-360569dee84d/raw?se=2026-08-08T23%3A42%3A06Z&sp=r&sv=2026-02-06&sr=b&scid=019fe380-2a4d-773b-ba2f-5cb11c395b89&skoid=e32cbaad-a1eb-4299-9f16-1b364ab43781&sktid=a48cca56-e6da-484e-a814-9c849652bcb3&skt=2026-08-08T03%3A47%3A05Z&ske=2026-08-09T03%3A47%3A05Z&sks=b&skv=2026-02-06&sig=BVjSVsJlCZ1RFl0a32YSCt8V9NLD/Snljv1xS9gFOMY%3D
public/assets/profile/icons/shun-kazami.png	2b217b62bffbe5dabe7f8ee20f152ea96fa3513cce0e6c078b2a201fa6e5dd11	https://oaisdmntprnortheu.blob.core.windows.net/files/00000000-a5c8-81f4-accc-8fff3f6ac1e9/raw?se=2026-08-08T23%3A42%3A06Z&sp=r&sv=2026-02-06&sr=b&scid=019fe380-2a4d-773b-ba2f-5cb11c395b89&skoid=e32cbaad-a1eb-4299-9f16-1b364ab43781&sktid=a48cca56-e6da-484e-a814-9c849652bcb3&skt=2026-08-08T05%3A50%3A42Z&ske=2026-08-09T05%3A50%3A42Z&sks=b&skv=2026-02-06&sig=lCY%2BK9jUJfdbYd/%2BvO%2BlXQInrG4TLXyWY9/2yNT7tTE%3D
public/assets/profile/icons/philomena-dusk.png	ebbc1567292cc74ca7037431fa98100a103fae4028d6235f3e869cbcf142bedb	https://oaisdmntpritalynorth.blob.core.windows.net/files/00000000-8e40-8246-a0ef-593153ef705d/raw?se=2026-08-08T23%3A42%3A06Z&sp=r&sv=2026-02-06&sr=b&scid=019fe380-2a4d-773b-ba2f-5cb11c395b89&skoid=e32cbaad-a1eb-4299-9f16-1b364ab43781&sktid=a48cca56-e6da-484e-a814-9c849652bcb3&skt=2026-08-08T10%3A39%3A12Z&ske=2026-08-09T10%3A39%3A12Z&sks=b&skv=2026-02-06&sig=V6YlXfIFYVf2nutR0EhhI5qS2%2BZt8FH%2BTvQXaG1C1TI%3D
public/assets/profile/icons/olivia-styles.png	c62e77ea041adaad130cfc4fdc142a1a3154ab57bd34db5f8b0a6c8f48ae5d88	https://oaisdmntpritalynorth.blob.core.windows.net/files/00000000-3e70-8246-a735-ff5644ab47e7/raw?se=2026-08-08T23%3A42%3A06Z&sp=r&sv=2026-02-06&sr=b&scid=019fe380-2a4d-773b-ba2f-5cb11c395b89&skoid=e32cbaad-a1eb-4299-9f16-1b364ab43781&sktid=a48cca56-e6da-484e-a814-9c849652bcb3&skt=2026-08-08T03%3A47%3A04Z&ske=2026-08-09T03%3A47%3A04Z&sks=b&skv=2026-02-06&sig=aBr3Gqwgh9i6jFK%2B9QbVWos7qIwqsd%2BaNRH8EDbPzJM%3D
public/assets/profile/icons/max.png	a5ba16398d1c28617b395d57b422a40546fb5254919b865a10220de40810dccc	https://oaisdmntprnortheu.blob.core.windows.net/files/00000000-a548-81f4-b9b2-2cc5c4973beb/raw?se=2026-08-08T23%3A42%3A06Z&sp=r&sv=2026-02-06&sr=b&scid=019fe380-2a4d-773b-ba2f-5cb11c395b89&skoid=e32cbaad-a1eb-4299-9f16-1b364ab43781&sktid=a48cca56-e6da-484e-a814-9c849652bcb3&skt=2026-08-08T05%3A56%3A02Z&ske=2026-08-09T05%3A56%3A02Z&sks=b&skv=2026-02-06&sig=v4AAvey81lt1jEnVG1V77OShdl/mbbFWosaHBI2pQAY%3D
public/assets/profile/icons/masato-kazami.png	41616833dc0b5935dbd2398a3315d563e641e017d66b670c142d0b2d5c09317f	https://oaisdmntprpolandcentral.blob.core.windows.net/files/00000000-14e4-820a-91e7-dc73ffcdf50e/raw?se=2026-08-08T23%3A42%3A06Z&sp=r&sv=2026-02-06&sr=b&scid=019fe380-2a4d-773b-ba2f-5cb11c395b89&skoid=e32cbaad-a1eb-4299-9f16-1b364ab43781&sktid=a48cca56-e6da-484e-a814-9c849652bcb3&skt=2026-08-08T07%3A17%3A54Z&ske=2026-08-09T07%3A17%3A54Z&sks=b&skv=2026-02-06&sig=ufr/%2BbGlc64ktKZn0oMvRj8rtH0WYRAOfjZKHxlx/Rc%3D
public/assets/profile/icons/marco.png	c26daf95015aab61d4112bfbb8fd6032a13958e73ec6d1fe25cdca5107ebe2a3	https://oaisdmntprukwest.blob.core.windows.net/files/00000000-980c-8243-9aa6-1cbff7fa228a/raw?se=2026-08-08T23%3A42%3A06Z&sp=r&sv=2026-02-06&sr=b&scid=019fe380-2a4d-773b-ba2f-5cb11c395b89&skoid=e32cbaad-a1eb-4299-9f16-1b364ab43781&sktid=a48cca56-e6da-484e-a814-9c849652bcb3&skt=2026-08-08T10%3A39%3A23Z&ske=2026-08-09T10%3A39%3A23Z&sks=b&skv=2026-02-06&sig=iNyY8CeqGtbaZbCy2ZGQUMV/60h%2BcJtW8BqADzRSoKA%3D
public/assets/profile/icons/maggie.png	05181a759faa7f2ff5bca9bfc7ec68c42269a959ff52a2f51407c2832da25796	https://oaisdmntprnortheu.blob.core.windows.net/files/00000000-5940-81f4-b4bd-1091f849bd85/raw?se=2026-08-08T23%3A42%3A06Z&sp=r&sv=2026-02-06&sr=b&scid=019fe380-2a4d-773b-ba2f-5cb11c395b89&skoid=e32cbaad-a1eb-4299-9f16-1b364ab43781&sktid=a48cca56-e6da-484e-a814-9c849652bcb3&skt=2026-08-08T06%3A32%3A41Z&ske=2026-08-09T06%3A32%3A41Z&sks=b&skv=2026-02-06&sig=9FIF7oN3DzD%2BlmRiAoIPGBueEzrYSnNeWuXjpYp3fWI%3D
public/assets/profile/icons/mac.png	cb9a9ba5dcb0549e72ea88522d543cf8ce084069bd9d84c421b2e7fe5e40d4ea	https://oaisdmntprnortheu.blob.core.windows.net/files/00000000-913c-81f4-b828-0d3d79086269/raw?se=2026-08-08T23%3A42%3A06Z&sp=r&sv=2026-02-06&sr=b&scid=019fe380-2a4d-773b-ba2f-5cb11c395b89&skoid=e32cbaad-a1eb-4299-9f16-1b364ab43781&sktid=a48cca56-e6da-484e-a814-9c849652bcb3&skt=2026-08-08T03%3A23%3A25Z&ske=2026-08-09T03%3A23%3A25Z&sks=b&skv=2026-02-06&sig=S14u%2BnqMmd4uJcxAmZf9uCwZq516cKvMyFcAKtbMK%2Bg%3D
public/assets/profile/icons/lightning.png	daf30ac934bde73db79e9b4eea07c3de5657ceef76345adc883a243f77746c64	https://oaisdmntprpolandcentral.blob.core.windows.net/files/00000000-8e94-820a-a274-306a306db6ff/raw?se=2026-08-08T23%3A42%3A06Z&sp=r&sv=2026-02-06&sr=b&scid=019fe380-2a4d-773b-ba2f-5cb11c395b89&skoid=e32cbaad-a1eb-4299-9f16-1b364ab43781&sktid=a48cca56-e6da-484e-a814-9c849652bcb3&skt=2026-08-08T05%3A50%3A11Z&ske=2026-08-09T05%3A50%3A11Z&sks=b&skv=2026-02-06&sig=66DsZ54jW78Nbyq1eMszeIXJhccZz1rLQnh9Zii4NmI%3D
public/assets/profile/icons/kurin.png	423b3a181a094ee5e23347351ffbee134dac4e28ceba61da988e86cf4e62c596	https://oaisdmntpritalynorth.blob.core.windows.net/files/00000000-bd60-8246-a983-50c3aec1153c/raw?se=2026-08-08T23%3A42%3A06Z&sp=r&sv=2026-02-06&sr=b&scid=019fe380-2a4d-773b-ba2f-5cb11c395b89&skoid=e32cbaad-a1eb-4299-9f16-1b364ab43781&sktid=a48cca56-e6da-484e-a814-9c849652bcb3&skt=2026-08-08T07%3A17%3A53Z&ske=2026-08-09T07%3A17%3A53Z&sks=b&skv=2026-02-06&sig=3w4s2oZWxonv8N2veO8XMeLht%2BJUBFmyYmxCdUmwc38%3D
public/assets/profile/icons/everett-ray.png	4d21007d5595cc2fd502dd4ceef9057e2e37d12274e945cfe5873d57a49a266c	https://oaisdmntprukwest.blob.core.windows.net/files/00000000-2a04-8243-aeec-1fb2059ee924/raw?se=2026-08-08T23%3A42%3A06Z&sp=r&sv=2026-02-06&sr=b&scid=019fe380-2a4d-773b-ba2f-5cb11c395b89&skoid=e32cbaad-a1eb-4299-9f16-1b364ab43781&sktid=a48cca56-e6da-484e-a814-9c849652bcb3&skt=2026-08-08T05%3A50%3A39Z&ske=2026-08-09T05%3A50%3A39Z&sks=b&skv=2026-02-06&sig=GJlX8JKLfL0QUyA2BtnLY6Z39p1frUMftexZg1YNXmQ%3D
public/assets/profile/icons/e.png	fb31ad051ba57362e710f1af16920276c933e6e5ea0d17c4430df490a38662ad	https://oaisdmntprpolandcentral.blob.core.windows.net/files/00000000-7034-820a-ba2e-c1ab7f38a86a/raw?se=2026-08-08T23%3A42%3A06Z&sp=r&sv=2026-02-06&sr=b&scid=019fe380-2a4d-773b-ba2f-5cb11c395b89&skoid=e32cbaad-a1eb-4299-9f16-1b364ab43781&sktid=a48cca56-e6da-484e-a814-9c849652bcb3&skt=2026-08-08T10%3A38%3A50Z&ske=2026-08-09T10%3A38%3A50Z&sks=b&skv=2026-02-06&sig=Jb4kAEvUlSHgCCSWFXMJi/oQd1cIeZNwFHoIThHj9KM%3D
public/assets/profile/icons/duran-dane.png	d03be28ee48f5756e3673f58e4f2ac871c56ff1fd97a31ea3101ec98d8cdfc79	https://oaisdmntprnortheu.blob.core.windows.net/files/00000000-b1bc-81f4-945f-461504bb97ed/raw?se=2026-08-08T23%3A42%3A06Z&sp=r&sv=2026-02-06&sr=b&scid=019fe380-2a4d-773b-ba2f-5cb11c395b89&skoid=e32cbaad-a1eb-4299-9f16-1b364ab43781&sktid=a48cca56-e6da-484e-a814-9c849652bcb3&skt=2026-08-08T10%3A39%3A12Z&ske=2026-08-09T10%3A39%3A12Z&sks=b&skv=2026-02-06&sig=9GlOaaAnkdoCid1MWzoYUGjJJnLTPQiWfUYnUtOA5c8%3D
public/assets/profile/icons/dee.png	29b28af23634cf8a197c51cfdc63da8b3e420a3ee26d4110446c2f9c663816d3	https://oaisdmntpritalynorth.blob.core.windows.net/files/00000000-b508-8246-8f15-67bdfe475314/raw?se=2026-08-08T23%3A42%3A06Z&sp=r&sv=2026-02-06&sr=b&scid=019fe380-2a4d-773b-ba2f-5cb11c395b89&skoid=e32cbaad-a1eb-4299-9f16-1b364ab43781&sktid=a48cca56-e6da-484e-a814-9c849652bcb3&skt=2026-08-08T03%3A45%3A13Z&ske=2026-08-09T03%3A45%3A13Z&sks=b&skv=2026-02-06&sig=iuvtmkGhNsDyh9XI9RQc78syqMMi4BYOvSqA7haGp6M%3D
public/assets/profile/icons/col-armstrong-tripp.png	27122426633d8568a2aec6aea616a668d31b5f6f1043114427af59ef2a87e586	https://oaisdmntprukwest.blob.core.windows.net/files/00000000-6788-8243-8b09-d752a4d1becf/raw?se=2026-08-08T23%3A42%3A06Z&sp=r&sv=2026-02-06&sr=b&scid=019fe380-2a4d-773b-ba2f-5cb11c395b89&skoid=e32cbaad-a1eb-4299-9f16-1b364ab43781&sktid=a48cca56-e6da-484e-a814-9c849652bcb3&skt=2026-08-08T06%3A32%3A41Z&ske=2026-08-09T06%3A32%3A41Z&sks=b&skv=2026-02-06&sig=Dgah%2BII8kypVuweBJwl5TzScZCMTSeOA/%2BNA45H9RYU%3D
public/assets/profile/icons/china-riot.png	f07bf02a64a7ba982031c777ba4cc77e75ca714f6d2758f559ac274a2459c683	https://oaisdmntprnortheu.blob.core.windows.net/files/00000000-ab54-81f4-ad7a-c7c70fbc8d9d/raw?se=2026-08-08T23%3A42%3A06Z&sp=r&sv=2026-02-06&sr=b&scid=019fe380-2a4d-773b-ba2f-5cb11c395b89&skoid=e32cbaad-a1eb-4299-9f16-1b364ab43781&sktid=a48cca56-e6da-484e-a814-9c849652bcb3&skt=2026-08-08T04%3A48%3A06Z&ske=2026-08-09T04%3A48%3A06Z&sks=b&skv=2026-02-06&sig=Td50XElFp5%2BTNOZRmWe1P9/%2BzOhfmm2F4PlKBlqmqyQ%3D
public/assets/profile/icons/cee.png	43c2e5a867eef3def3cf3c2c4f918c930b6fd8cf35044db6fd9caf80a78ca10d	https://oaisdmntprnortheu.blob.core.windows.net/files/00000000-9aac-81f4-bf8d-4507803597ff/raw?se=2026-08-08T23%3A42%3A06Z&sp=r&sv=2026-02-06&sr=b&scid=019fe380-2a4d-773b-ba2f-5cb11c395b89&skoid=e32cbaad-a1eb-4299-9f16-1b364ab43781&sktid=a48cca56-e6da-484e-a814-9c849652bcb3&skt=2026-08-08T05%3A56%3A01Z&ske=2026-08-09T05%3A56%3A01Z&sks=b&skv=2026-02-06&sig=wXiYAgn/vHSaD%2BDJXs8nMuUigkZwiKOvJ24PhAPhupI%3D
public/assets/profile/icons/bill-kouzo.png	c0e7ef5c0ffaafcdf40bb086a4e731ff64a322246337c1c8a86fc2bc5b7dae5d	https://oaisdmntpritalynorth.blob.core.windows.net/files/00000000-5770-8246-b473-d27247f6a4bd/raw?se=2026-08-08T23%3A42%3A06Z&sp=r&sv=2026-02-06&sr=b&scid=019fe380-2a4d-773b-ba2f-5cb11c395b89&skoid=e32cbaad-a1eb-4299-9f16-1b364ab43781&sktid=a48cca56-e6da-484e-a814-9c849652bcb3&skt=2026-08-08T03%3A58%3A58Z&ske=2026-08-09T03%3A58%3A58Z&sks=b&skv=2026-02-06&sig=E7tDj188bj/pZKr6/aq17T8cFad0fNgiBj/6LMaBBEE%3D
public/assets/profile/icons/benton-dusk.png	56a81ff210f395bb08af572f01c87bfef2935c53153fd70464a38f2ff6b0e453	https://oaisdmntprukwest.blob.core.windows.net/files/00000000-6698-8243-a17a-d18b3829de9c/raw?se=2026-08-08T23%3A42%3A06Z&sp=r&sv=2026-02-06&sr=b&scid=019fe380-2a4d-773b-ba2f-5cb11c395b89&skoid=e32cbaad-a1eb-4299-9f16-1b364ab43781&sktid=a48cca56-e6da-484e-a814-9c849652bcb3&skt=2026-08-08T07%3A15%3A33Z&ske=2026-08-09T07%3A15%3A33Z&sks=b&skv=2026-02-06&sig=Ki2%2BkcJ%2BDFJVcYu3UzDVhh24hwkSLqBkSSN3i4siPCo%3D
public/assets/profile/icons/bee.png	2f4d791c270107f231a4c78c305238bdaccd450963a05f5247ab2571b22d8957	https://oaisdmntprpolandcentral.blob.core.windows.net/files/00000000-1b24-820a-8cbe-04e35391820c/raw?se=2026-08-08T23%3A42%3A06Z&sp=r&sv=2026-02-06&sr=b&scid=019fe380-2a4d-773b-ba2f-5cb11c395b89&skoid=e32cbaad-a1eb-4299-9f16-1b364ab43781&sktid=a48cca56-e6da-484e-a814-9c849652bcb3&skt=2026-08-08T03%3A45%3A12Z&ske=2026-08-09T03%3A45%3A12Z&sks=b&skv=2026-02-06&sig=3HT3A0H5ZYVyIEh/0jquMX3TPS9/ck0dyKd/QV42Mjw%3D
public/assets/profile/icons/aay.png	7bdb053f80f1c722b90ed700026c5a11fc86655312bddb80c2bfb9f272173b46	https://oaisdmntprnortheu.blob.core.windows.net/files/00000000-32b0-81f4-b165-28d0730bb7d9/raw?se=2026-08-08T23%3A42%3A06Z&sp=r&sv=2026-02-06&sr=b&scid=019fe380-2a4d-773b-ba2f-5cb11c395b89&skoid=e32cbaad-a1eb-4299-9f16-1b364ab43781&sktid=a48cca56-e6da-484e-a814-9c849652bcb3&skt=2026-08-08T03%3A29%3A17Z&ske=2026-08-09T03%3A29%3A17Z&sks=b&skv=2026-02-06&sig=kyp3tFDljmMbB9Z4QI9vT11uiykNeNpfs70xAbjGjrM%3D
public/assets/profile/covers/battle-planet.png	f5173ac91c5ffce8a9ab880137a04e34a62384500324f2105c97d06199d80df6	https://oaisdmntprpolandcentral.blob.core.windows.net/files/00000000-7b08-820a-8f30-9e2a82a80afd/raw?se=2026-08-08T23%3A42%3A37Z&sp=r&sv=2026-02-06&sr=b&scid=019fe380-2a4d-773b-ba2f-5cb11c395b89&skoid=e32cbaad-a1eb-4299-9f16-1b364ab43781&sktid=a48cca56-e6da-484e-a814-9c849652bcb3&skt=2026-08-08T03%3A52%3A39Z&ske=2026-08-09T03%3A52%3A39Z&sks=b&skv=2026-02-06&sig=/Yr7Qcl%2B8J0hvfGBjh7PRZWJmT17njJTRMvLh2z2L1w%3D
public/assets/profile/covers/ventus-maximus-gorthion-ultra.png	44189bc31eb3ebe1d9d695dac7005f7235ccb1024a35afc236d273dd9cfccd65	https://oaisdmntprukwest.blob.core.windows.net/files/00000000-40d8-8243-bec5-fed21b138ffc/raw?se=2026-08-08T23%3A42%3A37Z&sp=r&sv=2026-02-06&sr=b&scid=019fe380-2a4d-773b-ba2f-5cb11c395b89&skoid=e32cbaad-a1eb-4299-9f16-1b364ab43781&sktid=a48cca56-e6da-484e-a814-9c849652bcb3&skt=2026-08-08T04%3A48%3A03Z&ske=2026-08-09T04%3A48%3A03Z&sks=b&skv=2026-02-06&sig=JQ4Ti/bXfV80TUYBMmFERfWtJtthfZMz/XHo8hv3CVo%3D
public/assets/profile/covers/aquos-hyper-trox-ultra.png	29d4f4b9e4e2f2b20a8da3098175a90411566c8753cb60d7a6fa8d0a7c72448a	https://oaisdmntprnortheu.blob.core.windows.net/files/00000000-ba4c-81f4-a956-c5fd85a9216b/raw?se=2026-08-08T23%3A42%3A37Z&sp=r&sv=2026-02-06&sr=b&scid=019fe380-2a4d-773b-ba2f-5cb11c395b89&skoid=e32cbaad-a1eb-4299-9f16-1b364ab43781&sktid=a48cca56-e6da-484e-a814-9c849652bcb3&skt=2026-08-08T03%3A29%3A17Z&ske=2026-08-09T03%3A29%3A17Z&sks=b&skv=2026-02-06&sig=6gS/zmE%2BJGg3mVmvBInYBGyxqACS/QMdyAX/8JZvgt0%3D
public/assets/profile/covers/darkus-hyper-serpenteze-ultra.png	8371ef083c949d83fec34684cbde2ff5a625dfa7111cb7bc41e50f08ae3e5777	https://oaisdmntprnortheu.blob.core.windows.net/files/00000000-1e20-81f4-8c7b-1d71907a7ade/raw?se=2026-08-08T23%3A42%3A37Z&sp=r&sv=2026-02-06&sr=b&scid=019fe380-2a4d-773b-ba2f-5cb11c395b89&skoid=e32cbaad-a1eb-4299-9f16-1b364ab43781&sktid=a48cca56-e6da-484e-a814-9c849652bcb3&skt=2026-08-08T05%3A15%3A38Z&ske=2026-08-09T05%3A15%3A38Z&sks=b&skv=2026-02-06&sig=ilpb5eSQuXB%2B/UdekGr6g6QbZym58WKDFTLlWgbtQuQ%3D
public/assets/profile/covers/darkus-turtonium.png	fad8af1d4a9f08dded39f91913081519b25e017fa50abee7839cb385eb3bf436	https://oaisdmntprpolandcentral.blob.core.windows.net/files/00000000-6ab0-820a-b237-5234feab42d9/raw?se=2026-08-08T23%3A42%3A37Z&sp=r&sv=2026-02-06&sr=b&scid=019fe380-2a4d-773b-ba2f-5cb11c395b89&skoid=e32cbaad-a1eb-4299-9f16-1b364ab43781&sktid=a48cca56-e6da-484e-a814-9c849652bcb3&skt=2026-08-08T05%3A50%3A40Z&ske=2026-08-09T05%3A50%3A40Z&sks=b&skv=2026-02-06&sig=w3QHzncqrtK3EQB5filOGMNvFsheJ1agkUNFzlAMWbU%3D
public/assets/profile/covers/haos-hyper-turtonium-ultra.png	10841979b5beb900186a6b427d6d669fccc1bc3181a33883d6d653541bbb3e4e	https://oaisdmntprpolandcentral.blob.core.windows.net/files/00000000-0db0-820a-b888-72903c23db81/raw?se=2026-08-08T23%3A42%3A37Z&sp=r&sv=2026-02-06&sr=b&scid=019fe380-2a4d-773b-ba2f-5cb11c395b89&skoid=e32cbaad-a1eb-4299-9f16-1b364ab43781&sktid=a48cca56-e6da-484e-a814-9c849652bcb3&skt=2026-08-08T05%3A56%3A01Z&ske=2026-08-09T05%3A56%3A01Z&sks=b&skv=2026-02-06&sig=wc9GexYLtlEAlZbLv5COebf54KLNi%2BwYqK6DrqsqWoA%3D
public/assets/profile/covers/haos-hyper-turtonium.png	179b4ed5d1f44e8215ac34a158d456158202d4bb0198afd00b43c5a03bd223dc	https://oaisdmntpritalynorth.blob.core.windows.net/files/00000000-63e8-8246-ae58-6db18d4b31a1/raw?se=2026-08-08T23%3A42%3A37Z&sp=r&sv=2026-02-06&sr=b&scid=019fe380-2a4d-773b-ba2f-5cb11c395b89&skoid=e32cbaad-a1eb-4299-9f16-1b364ab43781&sktid=a48cca56-e6da-484e-a814-9c849652bcb3&skt=2026-08-08T06%3A33%3A10Z&ske=2026-08-09T06%3A33%3A10Z&sks=b&skv=2026-02-06&sig=XKylVzPhTWF6l8ruFtU6h%2BECgZZAcxZFPWu1SKD/tFo%3D
public/assets/profile/covers/haos-turtonium-ultra.png	35d55dcd19f9f8ef4a73e28ed85f1650211b93999f3f5889428f2a005f26370f	https://oaisdmntprnortheu.blob.core.windows.net/files/00000000-9acc-81f4-bdc4-17062573f9e0/raw?se=2026-08-08T23%3A42%3A37Z&sp=r&sv=2026-02-06&sr=b&scid=019fe380-2a4d-773b-ba2f-5cb11c395b89&skoid=e32cbaad-a1eb-4299-9f16-1b364ab43781&sktid=a48cca56-e6da-484e-a814-9c849652bcb3&skt=2026-08-08T05%3A50%3A38Z&ske=2026-08-09T05%3A50%3A38Z&sks=b&skv=2026-02-06&sig=AssJyRHIhM/OeyPLZLiBwrbOrRPPGctxxS0sp32ZJqc%3D
public/assets/profile/covers/pyrus-hyper-trox-ultra.png	c6453b484d2f9d54193dff2a5d8dd804b16a90e57152844deb30d373c0568629	https://oaisdmntprnortheu.blob.core.windows.net/files/00000000-7748-81f4-8c33-9731407d8ef0/raw?se=2026-08-08T23%3A42%3A37Z&sp=r&sv=2026-02-06&sr=b&scid=019fe380-2a4d-773b-ba2f-5cb11c395b89&skoid=e32cbaad-a1eb-4299-9f16-1b364ab43781&sktid=a48cca56-e6da-484e-a814-9c849652bcb3&skt=2026-08-08T09%3A59%3A24Z&ske=2026-08-09T09%3A59%3A24Z&sks=b&skv=2026-02-06&sig=13xW42JU9bdoD1JqDrwGTDGomUhhKoLy1oXsIUAyJ2A%3D
public/assets/profile/covers/pyrus-webam-ultra.png	f6039fdc73353b63d46c4e576c6f0946023771125ef77704350e7f4ffbeb2e64	https://oaisdmntprukwest.blob.core.windows.net/files/00000000-8e7c-8243-9d87-20314b557437/raw?se=2026-08-08T23%3A42%3A37Z&sp=r&sv=2026-02-06&sr=b&scid=019fe380-2a4d-773b-ba2f-5cb11c395b89&skoid=e32cbaad-a1eb-4299-9f16-1b364ab43781&sktid=a48cca56-e6da-484e-a814-9c849652bcb3&skt=2026-08-08T03%3A41%3A39Z&ske=2026-08-09T03%3A41%3A39Z&sks=b&skv=2026-02-06&sig=%2B7ISuS29Vl2HO%2BSk%2BmCyJ9v5XSUfGLrAuXeuTBpwzE4%3D
